{"smooth": [9.8, 9.8, 9.8, 9.8, 9.8, 9.8, 9.8, 9.8, 9.8, 9.8, 9.8, 9.8, 9.8, 9.8, 9.8, 9.8, 9.8, 9.8, 9.8, 9.8, 9.8, 9.8, 9.8, 9.8, 9.8, 9.8, 9.8, 9.8, 9.8, 9.8], "bump": [9.8, 9.8, 9.8, 9.8, 9.8, 16.384929999999997, 17.887620000000002, 15.655120000000002, 9.8, 9.8, 9.8, 0.36258, 9.8, 0.55162, -0.16623, 1.06607, 5.13866, 1.98732, 3.91353, 2.7530200000000002, 5.15541, 3.17175, 9.8, 27.42302, 19.7588, 17.81105, 9.8, 9.8, 9.8, 9.8], "rugged": [22.9628, 25.36758, 15.466079999999998, 9.8, 2.21223, -0.20690999999999998, -0.14708, 9.8, 9.8, 17.47366, 23.07765, 9.8, 2.9755599999999998, -0.08009, -2.9060099999999998, 9.8, 9.8, 22.87187, 24.67845, 13.99211, 9.8, 2.9588, 0.92729, 0.16876, 9.8, 14.731489999999999, 23.31215, 17.22241, 9.8, 3.38712], "pothole": [9.8, 9.8, 9.8, 9.8, 9.8, 9.8, 9.8, 3.9614, -0.8721200000000001, 5.0788400000000005, 9.8, 5.1602, 26.93727, 24.92012, 29.92352, 18.002470000000002, 22.35741, 15.22441, 9.8, -1.2525600000000001, -2.11159, -1.3985299999999998, 2.7291, 3.21243, 9.8, 9.8, 9.8, 9.8, 9.8, 9.8]}